{
  "mcpServers": {
    "filesystem": {
      "command": "npx",
      "args": [
        "-y",
        "@modelcontextprotocol/server-filesystem",
        "/Users/XPV/Desktop",
        "/Users/XPV/Library",
        "/Users/XPV/Documents"
      ],
      "env": {
        "NODE_OPTIONS": "--max-old-space-size=6758 --max-semi-space-size=52",
        "UV_THREADPOOL_SIZE": "13",
        "MCP_BATCH_SIZE": "512",
        "MCP_READ_BUFFER_SIZE": "1048576",
        "MCP_PERFORMANCE_MODE": "high",
        "APPLE_PTHREAD_HIGH_PERFORMANCE_DEFAULT": "1"
      }
    },
    "git-local": {
      "command": "node",
      "args": [
        "/Users/XPV/Desktop/anchor-core/mcp-servers/git-local-optimized.js"
      ],
      "socketPath": "/Users/XPV/Desktop/anchor-core/sockets/git-local.sock",
      "env": {
        "NODE_OPTIONS": "--max-old-space-size=5068 --max-semi-space-size=39",
        "UV_THREADPOOL_SIZE": "13",
        "ANCHOR_HOME": "/Users/XPV/Desktop/anchor-core",
        "SOCKET_DIR": "/Users/XPV/Desktop/anchor-core/sockets",
        "LOG_DIR": "/Users/XPV/Library/Logs/Claude",
        "LOG_LEVEL": "INFO",
        "GIT_CONFIG_PARAMETERS": "'pack.threads=12' 'pack.windowMemory=1g' 'core.bigFileThreshold=1m'",
        "MCP_SOCKET_BUFFER_SIZE": "1048576"
      },
      "autoApprove": [
        "git_status",
        "git_version"
      ]
    },
    "notion": {
      "command": "node",
      "args": [
        "/Users/XPV/Desktop/anchor-core/mcp-servers/notion-v5-wrapper.js"
      ],
      "socketPath": "/Users/XPV/Desktop/anchor-core/sockets/notion.sock",
      "env": {
        "NODE_OPTIONS": "--max-old-space-size=5068 --max-semi-space-size=39 --experimental-worker",
        "UV_THREADPOOL_SIZE": "12",
        "ANCHOR_HOME": "/Users/XPV/Desktop/anchor-core",
        "SOCKET_DIR": "/Users/XPV/Desktop/anchor-core/sockets",
        "LOG_DIR": "/Users/XPV/Library/Logs/Claude",
        "NOTION_API_TOKEN": "${NOTION_API_TOKEN}",
        "NOTION_PARALLEL_REQUESTS": "12",
        "NOTION_CACHE_TTL": "600",
        "NOTION_CACHE_DIR": "/Users/XPV/Desktop/anchor-core/data/notion-cache",
        "SOCKET_BUFFER_SIZE": "1048576",
        "LOG_LEVEL": "INFO"
      },
      "autoApprove": [
        "notion_search",
        "notion_get_database"
      ]
    },
    "anchor-manager": {
      "command": "node",
      "args": [
        "/Users/XPV/Desktop/anchor-core/mcp-servers/anchor-manager-optimized.js"
      ],
      "socketPath": "/Users/XPV/Desktop/anchor-core/sockets/anchor-manager.sock",
      "env": {
        "NODE_OPTIONS": "--max-old-space-size=5068 --max-semi-space-size=39",
        "UV_THREADPOOL_SIZE": "8",
        "ANCHOR_HOME": "/Users/XPV/Desktop/anchor-core",
        "SOCKET_DIR": "/Users/XPV/Desktop/anchor-core/sockets",
        "LOG_DIR": "/Users/XPV/Library/Logs/Claude",
        "LOG_LEVEL": "INFO",
        "MCP_SERVER_NAME": "anchor-manager",
        "EVENT_LOOP_DELAY_THRESHOLD": "100"
      },
      "autoApprove": [
        "anchor_status",
        "anchor_health"
      ]
    },
    "sqlite": {
      "command": "node",
      "args": [
        "/Users/XPV/Desktop/anchor-core/mcp-servers/sqlite-wrapper.js"
      ],
      "socketPath": "/Users/XPV/Desktop/anchor-core/sockets/sqlite.sock",
      "env": {
        "NODE_OPTIONS": "--max-old-space-size=4055 --max-semi-space-size=31",
        "UV_THREADPOOL_SIZE": "8",
        "ANCHOR_HOME": "/Users/XPV/Desktop/anchor-core",
        "SOCKET_DIR": "/Users/XPV/Desktop/anchor-core/sockets",
        "DATA_DIR": "/Users/XPV/Desktop/anchor-core/data/sqlite",
        "LOG_DIR": "/Users/XPV/Library/Logs/Claude",
        "LOG_LEVEL": "INFO",
        "SQLITE_PRAGMA_CONFIG": "journal_mode=WAL;synchronous=NORMAL;temp_store=MEMORY;mmap_size=8589934592;cache_size=-131072"
      },
      "autoApprove": [
        "sqlite_list_tables",
        "sqlite_table_info",
        "sqlite_query"
      ]
    },
    "slack": {
      "command": "node",
      "args": [
        "/Users/XPV/Desktop/anchor-core/mcp-servers/slack-wrapper.js"
      ],
      "socketPath": "/Users/XPV/Desktop/anchor-core/sockets/slack.sock",
      "env": {
        "NODE_OPTIONS": "--max-old-space-size=3379 --max-semi-space-size=26",
        "UV_THREADPOOL_SIZE": "6",
        "ANCHOR_HOME": "/Users/XPV/Desktop/anchor-core",
        "SOCKET_DIR": "/Users/XPV/Desktop/anchor-core/sockets",
        "CACHE_DIR": "/Users/XPV/Desktop/anchor-core/data/slack-cache",
        "LOG_DIR": "/Users/XPV/Library/Logs/Claude",
        "SLACK_BOT_TOKEN": "${SLACK_BOT_TOKEN}",
        "SLACK_USER_TOKEN": "${SLACK_USER_TOKEN}",
        "SLACK_CACHE_DURATION": "3600",
        "LOG_LEVEL": "INFO"
      },
      "autoApprove": [
        "slack_list_conversations",
        "slack_search_messages"
      ]
    }
  },
  "mcpServerAdapter": {
    "enabled": true,
    "adapterPath": "/Users/XPV/Desktop/anchor-core/mcp-servers/mcp-adapter.js",
    "preferredImplementations": {
      "git": "git-local",
      "notion": "notion"
    },
    "cachingEnabled": true,
    "cacheTTLs": {
      "git_status": 60,
      "git_version": 86400,
      "notion_search": 300,
      "notion_get_database": 3600,
      "notion_get_page": 3600,
      "slack_list_conversations": 300,
      "slack_user_info": 3600,
      "slack_conversation_history": 60,
      "sqlite_table_info": 86400,
      "anchor_status": 5
    },
    "performanceMetrics": {
      "enabled": true,
      "reportingInterval": 3600000,
      "collection": {
        "memoryUsage": true,
        "responseTime": true,
        "errorRate": true,
        "requestCount": true
      }
    },
    "errorHandling": {
      "retryEnabled": true,
      "fallbackEnabled": true,
      "maxRetries": 3,
      "retryDelayMs": 500,
      "useExponentialBackoff": true
    }
  },
  "paths": {
    "anchorHome": "/Users/XPV/Desktop/anchor-core",
    "mcp": {
      "servers": "/Users/XPV/Desktop/anchor-core/mcp-servers",
      "sockets": "/Users/XPV/Desktop/anchor-core/sockets",
      "data": "/Users/XPV/Desktop/anchor-core/data",
      "logs": "/Users/XPV/Library/Logs/Claude"
    }
  },
  "hardwareOptimization": {
    "device": "M3 Max",
    "memory": "48GB",
    "performanceCores": 12,
    "efficiencyCores": 4,
    "nodeHeapSize": 4392,
    "threadPoolSize": 16,
    "metalPerformanceShadersEnabled": true,
    "neuralEngineEnabled": true,
    "unifiedMemoryAllocation": {
      "filesystem": 6758,
      "git-local": 5068,
      "notion": 5068,
      "anchor-manager": 5068,
      "sqlite": 4055,
      "slack": 3379
    },
    "taskDistribution": {
      "io-intensive": "efficiencyCores",
      "compute-intensive": "performanceCores",
      "mixed-workload": "all"
    }
  },
  "socketOptimization": {
    "bufferSize": 1048576,
    "keepAlive": true,
    "keepAliveInterval": 60000,
    "noDelay": true,
    "backlog": 512,
    "retryOnError": true,
    "maxRetries": 5,
    "retryDelay": 1000
  }
}