{
  "id": "notion-database-schema",
  "version": "1-0-0",
  "description": "Schema for Notion database definitions",
  "schema": {
    "type": "object",
    "required": ["title", "properties"],
    "properties": {
      "title": {
        "type": "string",
        "description": "Database title"
      },
      "description": {
        "type": "string",
        "description": "Database description"
      },
      "properties": {
        "type": "object",
        "additionalProperties": {
          "oneOf": [
            {
              "type": "object",
              "required": ["type"],
              "properties": {
                "type": {
                  "enum": ["title"],
                  "description": "Title property type"
                }
              }
            },
            {
              "type": "object",
              "required": ["type"],
              "properties": {
                "type": {
                  "enum": ["rich_text"],
                  "description": "Rich text property type"
                }
              }
            },
            {
              "type": "object",
              "required": ["type"],
              "properties": {
                "type": {
                  "enum": ["number"],
                  "description": "Number property type"
                },
                "format": {
                  "enum": ["number", "dollar", "euro", "pound", "yen", "ruble", "rupee", "won", "yuan", "percent"],
                  "description": "Number format"
                }
              }
            },
            {
              "type": "object",
              "required": ["type"],
              "properties": {
                "type": {
                  "enum": ["select"],
                  "description": "Select property type"
                },
                "options": {
                  "type": "array",
                  "items": {
                    "type": "object",
                    "required": ["name"],
                    "properties": {
                      "name": {
                        "type": "string",
                        "description": "Option name"
                      },
                      "color": {
                        "enum": ["default", "gray", "brown", "orange", "yellow", "green", "blue", "purple", "pink", "red"],
                        "description": "Option color"
                      }
                    }
                  }
                }
              }
            },
            {
              "type": "object",
              "required": ["type"],
              "properties": {
                "type": {
                  "enum": ["multi_select"],
                  "description": "Multi-select property type"
                },
                "options": {
                  "type": "array",
                  "items": {
                    "type": "object",
                    "required": ["name"],
                    "properties": {
                      "name": {
                        "type": "string",
                        "description": "Option name"
                      },
                      "color": {
                        "enum": ["default", "gray", "brown", "orange", "yellow", "green", "blue", "purple", "pink", "red"],
                        "description": "Option color"
                      }
                    }
                  }
                }
              }
            },
            {
              "type": "object",
              "required": ["type"],
              "properties": {
                "type": {
                  "enum": ["date"],
                  "description": "Date property type"
                }
              }
            },
            {
              "type": "object",
              "required": ["type"],
              "properties": {
                "type": {
                  "enum": ["people"],
                  "description": "People property type"
                }
              }
            },
            {
              "type": "object",
              "required": ["type"],
              "properties": {
                "type": {
                  "enum": ["files"],
                  "description": "Files property type"
                }
              }
            },
            {
              "type": "object",
              "required": ["type"],
              "properties": {
                "type": {
                  "enum": ["checkbox"],
                  "description": "Checkbox property type"
                }
              }
            },
            {
              "type": "object",
              "required": ["type"],
              "properties": {
                "type": {
                  "enum": ["url"],
                  "description": "URL property type"
                }
              }
            },
            {
              "type": "object",
              "required": ["type"],
              "properties": {
                "type": {
                  "enum": ["email"],
                  "description": "Email property type"
                }
              }
            },
            {
              "type": "object",
              "required": ["type"],
              "properties": {
                "type": {
                  "enum": ["phone_number"],
                  "description": "Phone number property type"
                }
              }
            },
            {
              "type": "object",
              "required": ["type"],
              "properties": {
                "type": {
                  "enum": ["formula"],
                  "description": "Formula property type"
                },
                "formula": {
                  "type": "string",
                  "description": "Formula expression"
                }
              }
            },
            {
              "type": "object",
              "required": ["type"],
              "properties": {
                "type": {
                  "enum": ["relation"],
                  "description": "Relation property type"
                },
                "database_id": {
                  "type": "string",
                  "description": "ID of the related database"
                }
              }
            },
            {
              "type": "object",
              "required": ["type"],
              "properties": {
                "type": {
                  "enum": ["rollup"],
                  "description": "Rollup property type"
                },
                "relation_property_name": {
                  "type": "string",
                  "description": "Name of the relation property"
                },
                "rollup_property_name": {
                  "type": "string",
                  "description": "Name of the property to roll up"
                },
                "function": {
                  "enum": ["count", "count_values", "empty", "not_empty", "unique", "show_original", "show_unique", "sum", "average", "median", "min", "max", "range", "earliest_date", "latest_date", "date_range", "checked", "unchecked", "percent_checked", "percent_unchecked"],
                  "description": "Rollup function"
                }
              }
            },
            {
              "type": "object",
              "required": ["type"],
              "properties": {
                "type": {
                  "enum": ["created_time"],
                  "description": "Created time property type"
                }
              }
            },
            {
              "type": "object",
              "required": ["type"],
              "properties": {
                "type": {
                  "enum": ["created_by"],
                  "description": "Created by property type"
                }
              }
            },
            {
              "type": "object",
              "required": ["type"],
              "properties": {
                "type": {
                  "enum": ["last_edited_time"],
                  "description": "Last edited time property type"
                }
              }
            },
            {
              "type": "object",
              "required": ["type"],
              "properties": {
                "type": {
                  "enum": ["last_edited_by"],
                  "description": "Last edited by property type"
                }
              }
            }
          ]
        },
        "description": "Database properties"
      },
      "icon": {
        "type": "object",
        "oneOf": [
          {
            "type": "object",
            "required": ["type", "emoji"],
            "properties": {
              "type": {
                "enum": ["emoji"],
                "description": "Icon type"
              },
              "emoji": {
                "type": "string",
                "description": "Emoji icon"
              }
            }
          },
          {
            "type": "object",
            "required": ["type", "url"],
            "properties": {
              "type": {
                "enum": ["external"],
                "description": "Icon type"
              },
              "url": {
                "type": "string",
                "format": "uri",
                "description": "External icon URL"
              }
            }
          }
        ],
        "description": "Database icon"
      },
      "cover": {
        "type": "object",
        "required": ["type", "url"],
        "properties": {
          "type": {
            "enum": ["external"],
            "description": "Cover type"
          },
          "url": {
            "type": "string",
            "format": "uri",
            "description": "External cover URL"
          }
        },
        "description": "Database cover"
      },
      "parent": {
        "type": "object",
        "oneOf": [
          {
            "type": "object",
            "required": ["type", "page_id"],
            "properties": {
              "type": {
                "enum": ["page_id"],
                "description": "Parent type"
              },
              "page_id": {
                "type": "string",
                "description": "Parent page ID"
              }
            }
          },
          {
            "type": "object",
            "required": ["type", "workspace"],
            "properties": {
              "type": {
                "enum": ["workspace"],
                "description": "Parent type"
              },
              "workspace": {
                "type": "boolean",
                "description": "Whether the parent is the workspace"
              }
            }
          }
        ],
        "description": "Database parent"
      }
    }
  },
  "claudeMapping": {
    "pages": {
      "properties": {
        "mapped_from": "properties",
        "mapping": {
          "value_transform": {
            "title": {
              "target": "rich_text"
            },
            "rich_text": {
              "target": "string"
            },
            "number": {
              "target": "number"
            },
            "select": {
              "target": "string",
              "value_path": "name"
            },
            "multi_select": {
              "target": "array",
              "item_path": "name"
            },
            "date": {
              "target": "string",
              "format": "date-time"
            },
            "checkbox": {
              "target": "boolean"
            },
            "url": {
              "target": "string"
            },
            "email": {
              "target": "string"
            },
            "phone_number": {
              "target": "string"
            },
            "formula": {
              "target": "dynamic",
              "value_path": "result"
            },
            "created_time": {
              "target": "string",
              "format": "date-time"
            },
            "last_edited_time": {
              "target": "string",
              "format": "date-time"
            }
          }
        }
      },
      "content": {
        "mapped_from": "content",
        "mapping": {
          "paragraph": {
            "target": "text"
          },
          "heading_1": {
            "target": "heading",
            "level": 1
          },
          "heading_2": {
            "target": "heading",
            "level": 2
          },
          "heading_3": {
            "target": "heading",
            "level": 3
          },
          "bulleted_list_item": {
            "target": "list_item",
            "list_type": "unordered"
          },
          "numbered_list_item": {
            "target": "list_item",
            "list_type": "ordered"
          },
          "to_do": {
            "target": "task",
            "checked_path": "checked"
          },
          "toggle": {
            "target": "toggle"
          },
          "code": {
            "target": "code_block",
            "language_path": "language"
          },
          "image": {
            "target": "image",
            "url_path": "url"
          },
          "divider": {
            "target": "divider"
          },
          "quote": {
            "target": "quote"
          },
          "callout": {
            "target": "callout",
            "icon_path": "icon"
          }
        }
      }
    }
  }
}
