{
  "apiToken": "ntn_EXAMPLE_REDACTED_FOR_SECURITY",
  "apiVersion": "2022-06-28",
  "baseUrl": "https://api.notion.com/v1",
  "rateLimit": {
    "maxRequests": 3,
    "periodMs": 1000,
    "maxRetries": 5
  },
  "cacheDir": "/Users/XPV/Desktop/anchor-core/data/notion-cache",
  "timeout": 30000,
  "databases": {
    "componentLibrary": "COMPONENT_LIBRARY_DB_ID",
    "documentation": "DOCUMENTATION_DB_ID",
    "meetingNotes": "MEETING_NOTES_DB_ID",
    "projectTracker": "PROJECT_TRACKER_DB_ID",
    "systemMetrics": "SYSTEM_METRICS_DB_ID"
  },
  "connectionSettings": {
    "exponentialBackoff": {
      "baseDelay": 1000,
      "maxDelay": 32000,
      "factor": 2,
      "jitter": 0.25
    },
    "circuitBreaker": {
      "failureThreshold": 5,
      "resetTimeout": 60000,
      "halfOpenMaxRequests": 1
    },
    "poolSize": 3,
    "keepAliveTimeout": 60000
  },
  "transformationOptions": {
    "preserveFormatting": true,
    "nestedDepthLimit": 10,
    "richTextHandling": "preserve",
    "relationHandling": "resolve"
  }
}